{"cameraMode":{"drawMode":0,"name":"Shaded","section":"Shading Mode"},"sceneLighting":false,"audioPlay":false,"sceneViewState":{"m_AlwaysRefresh":false,"showFog":true,"showSkybox":false,"showFlares":true,"showImageEffects":true,"showParticleSystems":true,"showVisualEffectGraphs":true,"m_FxEnabled":true},"in2DMode":false,"pivot":{"x":0.17490828037261964,"y":0.3449133038520813,"z":0.1473039984703064},"rotation":{"x":-0.01715339533984661,"y":0.5931263566017151,"z":-0.012641475535929203,"w":-0.8048374056816101},"size":1.7142136096954346,"orthographic":false}